rmse_train, rmse_test, rank
1.64053379548, 1.6815710732, 21
1.63827862259, 1.68078815739, 22
1.63657359646, 1.68195166549, 23
1.6344967691, 1.68110571945, 24
1.63254953945, 1.67991603494, 25
1.63078323797, 1.6810222762, 26
1.62931446094, 1.68163895134, 27
1.62740355703, 1.68129865637, 28
1.62553106547, 1.6809442345, 29
1.62376452917, 1.68067650653, 30
